id,name,gender,party,const
172,"Abbott, Ms Diane",F,Labour,Hackney North and Stoke Newington
4212,"Abrahams, Debbie",F,Labour,Oldham East and Saddleworth
4057,"Adams, Nigel",M,Conservative,Selby and Ainsty
4639,"Afolami, Bim",M,Conservative,Hitchin and Harpenden
1586,"Afriyie, Adam",M,Conservative,Windsor
4741,"Aiken, Nickie",F,Conservative,Cities of London and Westminster
4069,"Aldous, Peter",M,Conservative,Waveney
4138,"Ali, Rushanara",F,Labour,Bethnal Green and Bow
4747,"Ali, Tahir",M,Labour,"Birmingham, Hall Green"
4411,"Allan, Lucy",F,Conservative,Telford
4573,"Allin-Khan, Dr Rosena",F,Labour,Tooting
4667,"Amesbury, Mike",M,Labour,Weaver Vale
4788,"Anderson, Fleur",F,Labour,Putney
4743,"Anderson, Lee",M,Conservative,Ashfield
4742,"Anderson, Stuart",M,Conservative,Wolverhampton South West
4032,"Andrew, Stuart",M,Conservative,Pudsey
4512,"Ansell, Caroline",F,Conservative,Eastbourne
4623,"Antoniazzi, Tonia",F,Labour,Gower
4362,"Argar, Edward",M,Conservative,Charnwood
4244,"Ashworth, Jonathan",M,Labour (Co-op),Leicester South
4855,"Atherton, Sarah",F,Conservative,Wrexham
4399,"Atkins, Victoria",F,Conservative,Louth and Horncastle
4798,"Bacon, Gareth",M,Conservative,Orpington
1451,"Bacon, Mr Richard",M,Conservative,South Norfolk
4597,"Badenoch, Kemi",F,Conservative,Saffron Walden
4757,"Bailey, Shaun",M,Conservative,West Bromwich West
4847,"Baillie, Siobhan",F,Conservative,Stroud
4784,"Baker, Duncan",M,Conservative,North Norfolk
4064,"Baker, Mr Steve",M,Conservative,Wycombe
4107,"Baldwin, Harriett",F,Conservative,West Worcestershire
4095,"Barclay, Steve",M,Conservative,North East Cambridgeshire
4486,"Bardell, Hannah",F,Scottish National Party,Livingston
4828,"Barker, Paula",F,Labour,"Liverpool, Wavertree"
1390,"Baron, Mr John",M,Conservative,Basildon and Billericay
4800,"Baynes, Simon",M,Conservative,Clwyd South
328,"Beckett, Margaret",F,Labour,Derby South
4697,"Begley, Órfhlaith",F,Sinn Féin,West Tyrone
4790,"Begum, Apsana",F,Labour,Poplar and Limehouse
4837,"Bell, Aaron",M,Conservative,Newcastle-under-Lyme
413,"Benn, Hilary",M,Labour,Leeds Central
4793,"Benton, Scott",M,Conservative,Blackpool South
103,"Beresford, Sir Paul",M,Conservative,Mole Valley
4060,"Berry, Sir Jake",M,Conservative,Rossendale and Darwen
394,"Betts, Mr Clive",M,Labour,Sheffield South East
4818,"Bhatti, Saqib",M,Conservative,Meriden
4421,"Black, Mhairi",F,Scottish National Party,Paisley and Renfrewshire South
4390,"Blackford, Ian",M,Scottish National Party,"Ross, Skye and Lochaber"
4005,"Blackman, Bob",M,Conservative,Harrow East
4357,"Blackman, Kirsty",F,Scottish National Party,Aberdeen North
4864,"Blake, Olivia",F,Labour,"Sheffield, Hallam"
4058,"Blomfield, Paul",M,Labour,Sheffield Central
104,"Blunt, Crispin",M,Conservative,Reigate
1581,"Bone, Mr Peter",M,Conservative,Wellingborough
4748,"Bonnar, Steven",M,Scottish National Party,"Coatbridge, Chryston and Bellshill"
117,"Bottomley, Sir Peter",M,Conservative,Worthing West
4601,"Bowie, Andrew",M,Conservative,West Aberdeenshire and Kincardine
4663,"Bradley, Ben",M,Conservative,Mansfield
4110,"Bradley, Karen",F,Conservative,Staffordshire Moorlands
230,"Bradshaw, Mr Ben",M,Labour,Exeter
435,"Brady, Sir Graham",M,Conservative,Altrincham and Sale West
4373,"Brady, Mickey",M,Sinn Féin,Newry and Armagh
4475,"Braverman, Suella",F,Conservative,Fareham
1400,"Brennan, Kevin",M,Labour,Cardiff West
4643,"Brereton, Jack",M,Conservative,Stoke-on-Trent South
4133,"Bridgen, Andrew",M,Conservative,North West Leicestershire
4067,"Brine, Steve",M,Conservative,Winchester
4792,"Bristow, Paul",M,Conservative,Peterborough
4838,"Britcliffe, Sara",F,Conservative,Hyndburn
4417,"Brock, Deidre",F,Scottish National Party,Edinburgh North and Leith
4470,"Brown, Alan",M,Scottish National Party,Kilmarnock and Loudoun
1583,"Brown, Ms Lyn",F,Labour,West Ham
523,"Brown, Mr Nicholas",M,Independent,Newcastle upon Tyne East
4801,"Browne, Anthony",M,Conservative,South Cambridgeshire
3958,"Bruce, Fiona",F,Conservative,Congleton
1446,"Bryant, Chris",M,Labour,Rhondda
4821,"Buchan, Felicity",F,Conservative,Kensington
199,"Buck, Ms Karen",F,Labour,Westminster North
4106,"Buckland, Sir Robert",M,Conservative,South Swindon
4613,"Burghart, Alex",M,Conservative,Brentwood and Ongar
4493,"Burgon, Richard",M,Labour,Leeds East
3922,"Burns, Conor",M,Independent,Bournemouth West
1489,"Butler, Dawn",F,Labour,Brent Central
4745,"Butler, Rob",M,Conservative,Aylesbury
4831,"Byrne, Ian",M,Labour,"Liverpool, West Derby"
1171,"Byrne, Liam",M,Labour,"Birmingham, Hodge Hill"
4389,"Cadbury, Ruth",F,Labour,Brentford and Isleworth
4086,"Cairns, Alun",M,Conservative,Vale of Glamorgan
4770,"Callaghan, Amy",F,Scottish National Party,East Dunbartonshire
4412,"Cameron, Dr Lisa",F,Scottish National Party,"East Kilbride, Strathaven and Lesmahagow"
529,"Campbell, Sir Alan",M,Labour,Tynemouth
1409,"Campbell, Mr Gregory",M,Democratic Unionist Party,East Londonderry
4651,"Carden, Dan",M,Labour,"Liverpool, Walton"
1442,"Carmichael, Mr Alistair",M,Liberal Democrat,Orkney and Shetland
4791,"Carter, Andy",M,Conservative,Warrington South
4519,"Cartlidge, James",M,Conservative,South Suffolk
288,"Cash, Sir William",M,Conservative,Stone
4865,"Cates, Miriam",F,Conservative,Penistone and Stocksbridge
4492,"Caulfield, Maria",F,Conservative,Lewes
4481,"Chalk, Alex",M,Conservative,Cheltenham
4765,"Chamberlain, Wendy",F,Liberal Democrat,North East Fife
4267,"Champion, Sarah",F,Labour,Rotherham
4402,"Chapman, Douglas",M,Scottish National Party,Dunfermline and West Fife
4610,"Charalambous, Bambos",M,Labour,"Enfield, Southgate"
4419,"Cherry, Joanna",F,Scottish National Party,Edinburgh South West
3987,"Chishti, Rehman",M,Conservative,Gillingham and Rainham
242,"Chope, Sir Christopher",M,Conservative,Christchurch
4380,"Churchill, Jo",F,Conservative,Bury St Edmunds
4822,"Clark, Feryal",F,Labour,Enfield North
1578,"Clark, Greg",M,Conservative,Tunbridge Wells
4655,"Clarke, Mr Simon",M,Conservative,Middlesbrough South and East Cleveland
4819,"Clarke, Theo",F,Conservative,Stafford
4756,"Clarke-Smith, Brendan",M,Conservative,Bassetlaw
4835,"Clarkson, Chris",M,Conservative,Heywood and Middleton
4366,"Cleverly, James",M,Conservative,Braintree
249,"Clifton-Brown, Sir Geoffrey",M,Conservative,The Cotswolds
4098,"Coffey, Dr Thérèse",F,Conservative,Suffolk Coastal
4775,"Colburn, Elliot",M,Conservative,Carshalton and Wallington
3986,"Collins, Damian",M,Conservative,Folkestone and Hythe
4769,"Cooper, Daisy",F,Liberal Democrat,St Albans
1538,"Cooper, Rosie",F,Labour,West Lancashire
420,"Cooper, Yvette",F,Labour,"Normanton, Pontefract and Castleford"
185,"Corbyn, Jeremy",M,Independent,Islington North
4439,"Costa, Alberto",M,Conservative,South Leicestershire
4589,"Courts, Robert",M,Conservative,Witney
4806,"Coutinho, Claire",F,Conservative,East Surrey
4465,"Cowan, Ronnie",M,Scottish National Party,Inverclyde
1508,"Cox, Sir Geoffrey",M,Conservative,Torridge and West Devon
4368,"Coyle, Neil",M,Independent,Bermondsey and Old Southwark
1554,"Crabb, Stephen",M,Conservative,Preseli Pembrokeshire
4469,"Crawley, Angela",F,Scottish National Party,Lanark and Hamilton East
4088,"Creasy, Stella",F,Labour (Co-op),Walthamstow
4859,"Crosbie, Virginia",F,Conservative,Ynys Môn
3950,"Crouch, Tracey",F,Conservative,Chatham and Aylesford
1406,"Cruddas, Jon",M,Labour,Dagenham and Rainham
181,"Cryer, John",M,Labour,Leyton and Wanstead
4391,"Cummins, Judith",F,Labour,Bradford South
4122,"Cunningham, Alex",M,Labour,Stockton North
4698,"Daby, Janet",F,Labour,Lewisham East
4854,"Daly, James",M,Conservative,Bury North
188,"Davey, Ed",M,Liberal Democrat,Kingston and Surbiton
1398,"David, Wayne",M,Labour,Caerphilly
1545,"Davies, David T C",M,Conservative,Monmouth
4850,"Davies, Gareth",M,Conservative,Grantham and Stamford
155,"Davies, Geraint",M,Labour (Co-op),Swansea West
4476,"Davies, Dr James",M,Conservative,Vale of Clwyd
4513,"Davies, Mims",F,Conservative,Mid Sussex
1565,"Davies, Philip",M,Conservative,Shipley
4849,"Davies-Jones, Alex",F,Labour,Pontypridd
373,"Davis, Mr David",M,Conservative,Haltemprice and Howden
4737,"Davison, Dehenna",F,Conservative,Bishop Auckland
4488,"Day, Martyn",M,Scottish National Party,Linlithgow and East Falkirk
4676,"De Cordova, Marsha",F,Labour,Battersea
4433,"Debbonaire, Thangam",F,Labour,Bristol West
4638,"Dhesi, Mr Tanmanjeet Singh",M,Labour,Slough
4008,"Dinenage, Dame Caroline",F,Conservative,Gosport
4816,"Dines, Miss Sarah",F,Conservative,Derbyshire Dales
1425,"Djanogly, Mr Jonathan",M,Conservative,Huntingdon
4600,"Docherty, Leo",M,Conservative,Aldershot
4374,"Docherty-Hughes, Martin",M,Scottish National Party,West Dunbartonshire
4657,"Dodds, Anneliese",F,Labour (Co-op),Oxford East
650,"Donaldson, Sir Jeffrey M",M,Democratic Unionist Party,Lagan Valley
4530,"Donelan, Michelle",F,Conservative,Chippenham
4736,"Doogan, Dave",M,Scottish National Party,Angus
4740,"Dorans, Allan",M,Scottish National Party,"Ayr, Carrick and Cumnock"
1481,"Dorries, Ms Nadine",F,Conservative,Mid Bedfordshire
4452,"Double, Steve",M,Conservative,St Austell and Newquay
4264,"Doughty, Stephen",M,Labour (Co-op),Cardiff South and Penarth
4397,"Dowd, Peter",M,Labour,Bootle
4441,"Dowden, Oliver",M,Conservative,Hertsmere
4065,"Doyle-Price, Jackie",F,Conservative,Thurrock
4132,"Drax, Richard",M,Conservative,South Dorset
4459,"Drummond, Mrs Flick",F,Conservative,Meon Valley
1559,"Duddridge, Sir James",M,Conservative,Rochford and Southend East
4616,"Duffield, Rosie",F,Labour,Canterbury
4606,"Duguid, David",M,Conservative,Banff and Buchan
152,"Duncan Smith, Sir Iain",M,Conservative,Chingford and Woodford Green
1542,"Dunne, Philip",M,Conservative,Ludlow
491,"Eagle, Dame Angela",F,Labour,Wallasey
483,"Eagle, Maria",F,Labour,Garston and Halewood
4846,"Eastwood, Colum",M,Social Democratic & Labour Party,Foyle
4807,"Eastwood, Mark",M,Conservative,Dewsbury
3943,"Edwards, Jonathan",M,Independent,Carmarthen East and Dinefwr
4808,"Edwards, Ruth",F,Conservative,Rushcliffe
165,"Efford, Clive",M,Labour,Eltham
4127,"Elliott, Julie",F,Labour,Sunderland Central
4116,"Ellis, Michael",M,Conservative,Northampton North
1487,"Ellwood, Mr Tobias",M,Conservative,Bournemouth East
4572,"Elmore, Chris",M,Labour,Ogmore
4795,"Elphicke, Mrs Natalie",F,Conservative,Dover
4870,"Eshalomi, Florence",F,Labour (Co-op),Vauxhall
4061,"Esterson, Bill",M,Labour,Sefton Central
3934,"Eustice, George",M,Conservative,Camborne and Redruth
4040,"Evans, Chris",M,Labour (Co-op),Islwyn
4781,"Evans, Dr Luke",M,Conservative,Bosworth
474,"Evans, Mr Nigel",M,Conservative,Ribble Valley
1198,"Evennett, Sir David",M,Conservative,Bexleyheath and Crayford
4836,"Everitt, Ben",M,Conservative,Milton Keynes North
280,"Fabricant, Michael",M,Conservative,Lichfield
4826,"Farris, Laura",F,Conservative,Newbury
1591,"Farron, Tim",M,Liberal Democrat,Westmorland and Lonsdale
4856,"Farry, Stephen",M,Alliance,North Down
4744,"Fell, Simon",M,Conservative,Barrow and Furness
4440,"Fellows, Marion",F,Scottish National Party,Motherwell and Wishaw
4386,"Ferrier, Margaret",F,Independent,Rutherglen and Hamilton West
4823,"Finucane, John",M,Sinn Féin,Belfast North
4936,"Firth, Anna",F,Conservative,Southend West
4378,"Fletcher, Colleen",F,Labour,Coventry North East
4834,"Fletcher, Katherine",F,Conservative,South Ribble
4774,"Fletcher, Mark",M,Conservative,Bolsover
4832,"Fletcher, Nick",M,Conservative,Don Valley
4735,"Flynn, Stephen",M,Scottish National Party,Aberdeen South
4942,"Foord, Richard",M,Liberal Democrat,Tiverton and Honiton
4674,"Ford, Vicky",F,Conservative,Chelmsford
4451,"Foster, Kevin",M,Conservative,Torbay
4034,"Fovargue, Yvonne",F,Labour,Makerfield
223,"Fox, Dr Liam",M,Conservative,North Somerset
4491,"Foxcroft, Vicky",F,Labour,"Lewisham, Deptford"
4753,"Foy, Mary Kelly",F,Labour,City of Durham
1444,"Francois, Mr Mark",M,Conservative,Rayleigh and Wickford
4517,"Frazer, Lucy",F,Conservative,South East Cambridgeshire
4020,"Freeman, George",M,Conservative,Mid Norfolk
4004,"Freer, Mike",M,Conservative,Finchley and Golders Green
4932,"French, Mr Louie",M,Conservative,Old Bexley and Sidcup
3912,"Fuller, Richard",M,Conservative,North East Bedfordshire
4571,"Furniss, Gill",F,Labour,"Sheffield, Brightside and Hillsborough"
4446,"Fysh, Mr Marcus",M,Conservative,Yeovil
87,"Gale, Sir Roger",M,Conservative,North Thanet
146,"Gardiner, Barry",M,Labour,Brent North
4074,"Garnier, Mark",M,Conservative,Wyre Forest
4460,"Ghani, Ms Nusrat",F,Conservative,Wealden
111,"Gibb, Nick",M,Conservative,Bognor Regis and Littlehampton
4435,"Gibson, Patricia",F,Scottish National Party,North Ayrshire and Arran
4754,"Gibson, Peter",M,Conservative,Darlington
4817,"Gideon, Jo",F,Conservative,Stoke-on-Trent Central
1416,"Gildernew, Michelle",F,Sinn Féin,Fermanagh and South Tyrone
4603,"Gill, Preet Kaur",F,Labour (Co-op),"Birmingham, Edgbaston"
4633,"Girvan, Paul",M,Democratic Unionist Party,South Antrim
4051,"Glen, John",M,Conservative,Salisbury
4126,"Glindon, Mary",F,Labour,North Tyneside
1562,"Goodwill, Sir Robert",M,Conservative,Scarborough and Whitby
1571,"Gove, Michael",M,Conservative,Surrey Heath
4432,"Grady, Patrick",M,Independent,Glasgow North
3990,"Graham, Richard",M,Conservative,Gloucester
4018,"Grant, Mrs Helen",F,Conservative,Maidstone and The Weald
4466,"Grant, Peter",M,Scottish National Party,Glenrothes
261,"Gray, James",M,Conservative,North Wiltshire
1413,"Grayling, Chris",M,Conservative,Epsom and Ewell
4398,"Green, Chris",M,Conservative,Bolton West
76,"Green, Damian",M,Conservative,Ashford
4120,"Green, Kate",F,Labour,Stretford and Urmston
4918,"Green, Sarah",F,Liberal Democrat,Chesham and Amersham
4029,"Greenwood, Lilian",F,Labour,Nottingham South
4400,"Greenwood, Margaret",F,Labour,Wirral West
4874,"Griffith, Andrew",M,Conservative,Arundel and South Downs
1541,"Griffith, Dame Nia",F,Labour,Llanelli
4843,"Grundy, James",M,Conservative,Leigh
4814,"Gullis, Jonathan",M,Conservative,Stoke-on-Trent North
1506,"Gwynne, Andrew",M,Labour,Denton and Reddish
4473,"Haigh, Louise",F,Labour,"Sheffield, Heeley"
3985,"Halfon, Robert",M,Conservative,Harlow
4450,"Hall, Luke",M,Conservative,Thornbury and Yate
415,"Hamilton, Fabian",M,Labour,Leeds North East
4938,"Hamilton, Mrs Paulette",F,Labour,"Birmingham, Erdington"
1585,"Hammond, Stephen",M,Conservative,Wimbledon
4070,"Hancock, Matt",M,Independent,West Suffolk
1526,"Hands, Greg",M,Conservative,Chelsea and Fulham
4827,"Hanna, Claire",F,Social Democratic & Labour Party,Belfast South
4782,"Hanvey, Neale",M,Alba Party,Kirkcaldy and Cowdenbeath
4645,"Hardy, Emma",F,Labour,Kingston upon Hull West and Hessle
150,"Harman, Ms Harriet",F,Labour,Camberwell and Peckham
1520,"Harper, Mr Mark",M,Conservative,Forest of Dean
4480,"Harris, Carolyn",F,Labour,Swansea East
3948,"Harris, Rebecca",F,Conservative,Castle Point
4593,"Harrison, Trudy",F,Conservative,Copeland
4842,"Hart, Sally-Ann",F,Conservative,Hastings and Rye
3944,"Hart, Simon",M,Conservative,Carmarthen West and South Pembrokeshire
4510,"Hayes, Helen",F,Labour,Dulwich and West Norwood
350,"Hayes, Sir John",M,Conservative,South Holland and The Deepings
4636,"Hazzard, Chris",M,Sinn Féin,South Down
69,"Heald, Sir Oliver",M,Conservative,North East Hertfordshire
400,"Healey, John",M,Labour,Wentworth and Dearne
4528,"Heappey, James",M,Conservative,Wells
3977,"Heaton-Harris, Chris",M,Conservative,Daventry
4050,"Henderson, Gordon",M,Conservative,Sittingbourne and Sheppey
473,"Hendrick, Sir Mark",M,Labour (Co-op),Preston
4467,"Hendry, Drew",M,Scottish National Party,"Inverness, Nairn, Badenoch and Strathspey"
4794,"Henry, Darren",M,Conservative,Broxtowe
4833,"Higginbotham, Antony",M,Conservative,Burnley
1524,"Hillier, Dame Meg",F,Labour (Co-op),Hackney South and Shoreditch
3969,"Hinds, Damian",M,Conservative,East Hampshire
4494,"Hoare, Simon",M,Conservative,North Dorset
4602,"Hobhouse, Wera",F,Liberal Democrat,Bath
140,"Hodge, Dame Margaret",F,Labour,Barking
1521,"Hodgson, Mrs Sharon",F,Labour,Washington and Sunderland West
4813,"Holden, Mr Richard",M,Conservative,North West Durham
4363,"Hollern, Kate",F,Labour,Blackburn
4474,"Hollinrake, Kevin",M,Conservative,Thirsk and Malton
1537,"Hollobone, Mr Philip",M,Conservative,Kettering
1522,"Holloway, Adam",M,Conservative,Gravesham
4803,"Holmes, Paul",M,Conservative,Eastleigh
4873,"Hopkins, Rachel",F,Labour,Luton South
1514,"Hosie, Stewart",M,Scottish National Party,Dundee East
481,"Howarth, Sir George",M,Labour,Knowsley
1606,"Howell, John",M,Conservative,Henley
4830,"Howell, Paul",M,Conservative,Sedgefield
467,"Hoyle, Sir Lindsay",M,Speaker,Chorley
4407,"Huddleston, Nigel",M,Conservative,Mid Worcestershire
4853,"Hudson, Dr Neil",M,Conservative,Penrith and The Border
4635,"Hughes, Eddie",M,Conservative,Walsall North
4839,"Hunt, Jane",F,Conservative,Loughborough
1572,"Hunt, Jeremy",M,Conservative,South West Surrey
4771,"Hunt, Tom",M,Conservative,Ipswich
4511,"Huq, Dr Rupa",F,Independent,Ealing Central and Acton
4394,"Hussain, Imran",M,Labour,Bradford East
4619,"Jack, Mr Alister",M,Conservative,Dumfries and Galloway
4634,"Jardine, Christine",F,Liberal Democrat,Edinburgh West
4243,"Jarvis, Dan",M,Labour,Barnsley Central
3945,"Javid, Sajid",M,Conservative,Bromsgrove
4498,"Jayawardena, Mr Ranil",M,Conservative,North East Hampshire
40,"Jenkin, Sir Bernard",M,Conservative,Harwich and North Essex
4752,"Jenkinson, Mark",M,Conservative,Workington
4490,"Jenkyns, Andrea",F,Conservative,Morley and Outwood
4320,"Jenrick, Robert",M,Conservative,Newark
1423,"Johnson, Boris",M,Conservative,Uxbridge and South Ruislip
4592,"Johnson, Dr Caroline",F,Conservative,Sleaford and North Hykeham
1533,"Johnson, Dame Diana",F,Labour,Kingston upon Hull North
3970,"Johnson, Gareth",M,Conservative,Dartford
4824,"Johnson, Kim",F,Labour,"Liverpool, Riverside"
4761,"Johnston, David",M,Conservative,Wantage
3996,"Jones, Andrew",M,Conservative,Harrogate and Knaresborough
4621,"Jones, Darren",M,Labour,Bristol North West
1502,"Jones, Mr David",M,Conservative,Clwyd West
4763,"Jones, Fay",F,Conservative,Brecon and Radnorshire
4501,"Jones, Gerald",M,Labour,Merthyr Tydfil and Rhymney
1438,"Jones, Mr Kevan",M,Labour,North Durham
4024,"Jones, Mr Marcus",M,Conservative,Nuneaton
4716,"Jones, Ruth",F,Labour,Newport West
4631,"Jones, Sarah",F,Labour,Croydon Central
4862,"Jupp, Simon",M,Conservative,East Devon
4316,"Kane, Mike",M,Labour,Wythenshawe and Sale East
1566,"Kawczynski, Daniel",M,Conservative,Shrewsbury and Atcham
4805,"Kearns, Alicia",F,Conservative,Rutland and Melton
4680,"Keegan, Gillian",F,Conservative,Chichester
1588,"Keeley, Barbara",F,Labour,Worsley and Eccles South
4026,"Kendall, Liz",F,Labour,Leicester West
4671,"Khan, Afzal",M,Labour,"Manchester, Gorton"
4359,"Kinnock, Stephen",M,Labour,Aberavon
1200,"Knight, Sir Greg",M,Conservative,East Yorkshire
4410,"Knight, Julian",M,Conservative,Solihull
4773,"Kniveton, Kate",F,Conservative,Burton
4858,"Kruger, Danny",M,Conservative,Devizes
4134,"Kwarteng, Kwasi",M,Conservative,Spelthorne
4505,"Kyle, Peter",M,Labour,Hove
36,"Laing, Dame Eleanor",F,Conservative,Epping Forest
4630,"Lake, Ben",M,Plaid Cymru,Ceredigion
206,"Lammy, Mr David",M,Labour,Tottenham
4608,"Lamont, John",M,Conservative,"Berwickshire, Roxburgh and Selkirk"
4852,"Largan, Robert",M,Conservative,High Peak
4025,"Latham, Mrs Pauline",F,Conservative,Mid Derbyshire
4139,"Lavery, Ian",M,Labour,Wansbeck
4403,"Law, Chris",M,Scottish National Party,Dundee West
4923,"Leadbeater, Kim",F,Labour,Batley and Spen
4117,"Leadsom, Andrea",F,Conservative,South Northamptonshire
345,"Leigh, Sir Edward",M,Conservative,Gainsborough
4749,"Levy, Ian",M,Conservative,Blyth Valley
4277,"Lewell-Buck, Mrs Emma",F,Labour,South Shields
4659,"Lewer, Andrew",M,Conservative,Northampton South
4009,"Lewis, Brandon",M,Conservative,Great Yarmouth
4500,"Lewis, Clive",M,Labour,Norwich South
54,"Lewis, Dr Julian",M,Conservative,New Forest East
1396,"Liddell-Grainger, Mr Ian",M,Conservative,Bridgwater and West Somerset
4943,"Lightwood, Simon",M,Labour (Co-op),Wakefield
4640,"Linden, David",M,Scottish National Party,Glasgow East
450,"Lloyd, Tony",M,Labour,Rochdale
4857,"Lockhart, Carla",F,Democratic Unionist Party,Upper Bann
4751,"Loder, Chris",M,Conservative,West Dorset
4815,"Logan, Mark",M,Conservative,Bolton North East
4396,"Long Bailey, Rebecca",F,Labour,Salford and Eccles
4789,"Longhi, Marco",M,Conservative,Dudley North
4647,"Lopez, Julia",F,Conservative,Hornchurch and Upminster
3989,"Lopresti, Jack",M,Conservative,Filton and Bradley Stoke
4090,"Lord, Mr Jonathan",M,Conservative,Woking
114,"Loughton, Tim",M,Conservative,East Worthing and Shoreham
3930,"Lucas, Caroline",F,Green Party,"Brighton, Pavilion"
4472,"Lynch, Holly",F,Labour,Halifax
4772,"MacAskill, Kenny",M,Alba Party,East Lothian
4529,"Mackinlay, Craig",M,Conservative,South Thanet
4758,"Mackrory, Cherilyn",F,Conservative,Truro and Falmouth
4668,"Maclean, Rachel",F,Conservative,Redditch
1546,"MacNeil, Angus Brendan",M,Scottish National Party,Na h-Eileanan an Iar
4418,"Madders, Justin",M,Labour,Ellesmere Port and Neston
1392,"Mahmood, Mr Khalid",M,Labour,"Birmingham, Perry Barr"
3914,"Mahmood, Shabana",F,Labour,"Birmingham, Ladywood"
4484,"Mak, Alan",M,Conservative,Havant
4253,"Malhotra, Seema",F,Labour (Co-op),Feltham and Heston
4495,"Malthouse, Kit",M,Conservative,North West Hampshire
4762,"Mangnall, Anthony",M,Conservative,Totnes
4496,"Mann, Scott",M,Conservative,North Cornwall
4768,"Marson, Julie",F,Conservative,Hertford and Stortford
4471,"Maskell, Rachael",F,Labour (Co-op),York Central
4245,"Maskey, Paul",M,Sinn Féin,Belfast West
8,"May, Mrs Theresa",F,Conservative,Maidenhead
4739,"Mayhew, Jerome",M,Conservative,Broadland
3926,"Maynard, Paul",M,Conservative,Blackpool North and Cleveleys
298,"McCabe, Steve",M,Labour,"Birmingham, Selly Oak"
1491,"McCarthy, Kerry",F,Labour,Bristol East
3953,"McCartney, Jason",M,Conservative,Colne Valley
4028,"McCartney, Karl",M,Conservative,Lincoln
193,"McDonagh, Siobhain",F,Labour,Mitcham and Morden
4269,"McDonald, Andy",M,Labour,Middlesbrough
4461,"McDonald, Stewart Malcolm",M,Scottish National Party,Glasgow South
4393,"McDonald, Stuart C",M,Scottish National Party,"Cumbernauld, Kilsyth and Kirkintilloch East"
178,"McDonnell, John",M,Labour,Hayes and Harlington
1587,"McFadden, Pat",M,Labour,Wolverhampton South East
4458,"McGinn, Conor",M,Labour,St Helens North
4083,"McGovern, Alison",F,Labour,Wirral South
4125,"McKinnell, Catherine",F,Labour,Newcastle upon Tyne North
4437,"McLaughlin, Anne",F,Scottish National Party,Glasgow North East
4569,"McMahon, Jim",M,Labour (Co-op),Oldham West and Royton
4632,"McMorrin, Anna",F,Labour,Cardiff North
4424,"McNally, John",M,Scottish National Party,Falkirk
4093,"McPartland, Stephen",M,Conservative,Stevenage
4084,"McVey, Esther",F,Conservative,Tatton
4000,"Mearns, Ian",M,Labour,Gateshead
3998,"Menzies, Mark",M,Conservative,Fylde
4485,"Mercer, Johnny",M,Conservative,"Plymouth, Moor View"
4442,"Merriman, Huw",M,Conservative,Bexhill and Battle
4092,"Metcalfe, Stephen",M,Conservative,South Basildon and East Thurrock
1510,"Miliband, Edward",M,Labour,Doncaster North
4746,"Millar, Robin",M,Conservative,Aberconwy
1480,"Miller, Dame Maria",F,Conservative,Basingstoke
4454,"Milling, Amanda",F,Conservative,Cannock Chase
4136,"Mills, Nigel",M,Conservative,Amber Valley
4811,"Mishra, Navendu",M,Labour,Stockport
1211,"Mitchell, Mr Andrew",M,Conservative,Sutton Coldfield
4804,"Mohindra, Mr Gagan",M,Conservative,South West Hertfordshire
4274,"Molloy, Francie",M,Sinn Féin,Mid Ulster
4443,"Monaghan, Carol",F,Scottish National Party,Glasgow North West
4669,"Moore, Damien",M,Conservative,Southport
4861,"Moore, Robbie",M,Conservative,Keighley
4656,"Moran, Layla",F,Liberal Democrat,Oxford West and Abingdon
4017,"Mordaunt, Penny",F,Conservative,Portsmouth North
1548,"Morden, Jessica",F,Labour,Newport East
4934,"Morgan, Helen",F,Liberal Democrat,North Shropshire
4653,"Morgan, Stephen",M,Labour,Portsmouth South
4249,"Morris, Anne Marie",F,Conservative,Newton Abbot
4135,"Morris, David",M,Conservative,Morecambe and Lunesdale
3973,"Morris, Grahame",M,Labour,Easington
3992,"Morris, James",M,Conservative,Halesowen and Rowley Regis
4759,"Morrissey, Joy",F,Conservative,Beaconsfield
4916,"Mortimer, Jill",F,Conservative,Hartlepool
4358,"Morton, Wendy",F,Conservative,Aldridge-Brownhills
4860,"Mullan, Dr Kieran",M,Conservative,Crewe and Nantwich
4867,"Mumby-Croft, Holly",F,Conservative,Scunthorpe
1512,"Mundell, David",M,Conservative,"Dumfriesshire, Clydesdale and Tweeddale"
3966,"Murray, Ian",M,Labour,Edinburgh South
4797,"Murray, James",M,Labour (Co-op),Ealing North
4100,"Murray, Mrs Sheryll",F,Conservative,South East Cornwall
1466,"Murrison, Dr Andrew",M,Conservative,South West Wiltshire
4082,"Nandy, Lisa",F,Labour,Wigan
1601,"Neill, Sir Robert",M,Conservative,Bromley and Chislehurst
4420,"Newlands, Gavin",M,Scottish National Party,Paisley and Renfrewshire North
4799,"Nichols, Charlotte",F,Labour,Warrington North
4851,"Nici, Lia",F,Conservative,Great Grimsby
4415,"Nicolson, John",M,Scottish National Party,Ochil and South Perthshire
4048,"Nokes, Caroline",F,Conservative,Romsey and Southampton North
3991,"Norman, Jesse",M,Conservative,Hereford and South Herefordshire
4641,"Norris, Alex",M,Labour (Co-op),Nottingham North
4679,"O'Brien, Neil",M,Conservative,Harborough
4006,"Offord, Dr Matthew",M,Conservative,Hendon
4371,"O'Hara, Brendan",M,Scottish National Party,Argyll and Bute
4591,"Olney, Sarah",F,Liberal Democrat,Richmond Park
4124,"Onwurah, Chi",F,Labour,Newcastle upon Tyne Central
4142,"Opperman, Guy",M,Conservative,Hexham
4820,"Oppong-Asare, Abena",F,Labour,Erith and Thamesmead
4515,"Osamor, Kate",F,Labour (Co-op),Edmonton
4783,"Osborne, Kate",F,Labour,Jarrow
4413,"Oswald, Kirsten",F,Scottish National Party,East Renfrewshire
4779,"Owatemi, Taiwo",F,Labour,Coventry North West
4777,"Owen, Sarah",F,Labour,Luton North
4129,"Paisley, Ian",M,Democratic Unionist Party,North Antrim
4066,"Patel, Priti",F,Conservative,Witham
4052,"Pawsey, Mark",M,Conservative,Rugby
4607,"Peacock, Stephanie",F,Labour,Barnsley East
1528,"Penning, Sir Mike",M,Conservative,Hemel Hempstead
4520,"Pennycook, Matthew",M,Labour,Greenwich and Woolwich
1584,"Penrose, John",M,Conservative,Weston-super-Mare
3939,"Percy, Andrew",M,Conservative,Brigg and Goole
3952,"Perkins, Mr Toby",M,Labour,Chesterfield
4370,"Phillips, Jess",F,Labour,"Birmingham, Yardley"
4046,"Phillipson, Bridget",F,Labour,Houghton and Sunderland South
4503,"Philp, Chris",M,Conservative,Croydon South
4075,"Pincher, Christopher",M,Independent,Tamworth
4682,"Pollard, Luke",M,Labour (Co-op),"Plymouth, Sutton and Devonport"
3932,"Poulter, Dr Dan",M,Conservative,Central Suffolk and North Ipswich
4522,"Pow, Rebecca",F,Conservative,Taunton Deane
4263,"Powell, Lucy",F,Labour (Co-op),Manchester Central
4401,"Prentis, Victoria",F,Conservative,Banbury
1576,"Pritchard, Mark",M,Conservative,The Wrekin
4369,"Pursglove, Tom",M,Conservative,Corby
4917,"Qaisar, Ms Anum",F,Scottish National Party,Airdrie and Shotts
4507,"Quin, Jeremy",M,Conservative,Horsham
4423,"Quince, Will",M,Conservative,Colchester
3924,"Qureshi, Yasmin",F,Labour,Bolton South East
4007,"Raab, Dominic",M,Conservative,Esher and Walton
4845,"Randall, Tom",M,Conservative,Gedling
4356,"Rayner, Angela",F,Labour,Ashton-under-Lyne
14,"Redwood, John",M,Conservative,Wokingham
4268,"Reed, Steve",M,Labour (Co-op),Croydon North
4525,"Rees, Christina",F,Independent,Neath
4099,"Rees-Mogg, Mr Jacob",M,Conservative,North East Somerset
4620,"Reeves, Ellie",F,Labour,Lewisham West and Penge
4031,"Reeves, Rachel",F,Labour,Leeds West
4119,"Reynolds, Jonathan",M,Labour (Co-op),Stalybridge and Hyde
4764,"Ribeiro-Addy, Bell",F,Labour,Streatham
4868,"Richards, Nicola",F,Conservative,West Bromwich East
4840,"Richardson, Angela",F,Conservative,Guildford
4457,"Rimmer, Ms Marie",F,Labour,St Helens South and Whiston
4810,"Roberts, Rob",M,Independent,Delyn
253,"Robertson, Mr Laurence",M,Conservative,Tewkesbury
4360,"Robinson, Gavin",M,Democratic Unionist Party,Belfast East
4406,"Robinson, Mary",F,Conservative,Cheadle
4654,"Rodda, Matt",M,Labour,Reading East
1447,"Rosindell, Andrew",M,Conservative,Romford
4627,"Ross, Douglas",M,Conservative,Moray
4652,"Rowley, Lee",M,Conservative,North East Derbyshire
4812,"Russell, Dean",M,Conservative,Watford
4615,"Russell-Moyle, Lloyd",M,Labour (Co-op),"Brighton, Kemptown"
4033,"Rutley, David",M,Conservative,Macclesfield
4760,"Sambrook, Gary",M,Conservative,"Birmingham, Northfield"
4521,"Saville Roberts, Liz",F,Plaid Cymru,Dwyfor Meirionnydd
4863,"Saxby, Selaine",F,Conservative,North Devon
4414,"Scully, Paul",M,Conservative,Sutton and Cheam
4681,"Seely, Bob",M,Conservative,Isle of Wight
1453,"Selous, Andrew",M,Conservative,South West Bedfordshire
4409,"Shah, Naz",F,Labour,Bradford West
4131,"Shannon, Jim",M,Democratic Unionist Party,Strangford
1582,"Shapps, Grant",M,Conservative,Welwyn Hatfield
4014,"Sharma, Alok",M,Conservative,Reading West
1604,"Sharma, Mr Virendra",M,Labour,"Ealing, Southall"
411,"Sheerman, Mr Barry",M,Labour (Co-op),Huddersfield
3997,"Shelbrooke, Alec",M,Conservative,Elmet and Rothwell
4453,"Sheppard, Tommy",M,Scottish National Party,Edinburgh East
4518,"Siddiq, Tulip",F,Labour,Hampstead and Kilburn
4872,"Simmonds, David",M,Conservative,"Ruislip, Northwood and Pinner"
4021,"Skidmore, Chris",M,Conservative,Kingswood
1516,"Slaughter, Andy",M,Labour,Hammersmith
4738,"Smith, Alyn",M,Scottish National Party,Stirling
4436,"Smith, Cat",F,Labour,Lancaster and Fleetwood
1609,"Smith, Chloe",F,Conservative,Norwich North
4778,"Smith, Greg",M,Conservative,Buckingham
3960,"Smith, Henry",M,Conservative,Crawley
4456,"Smith, Jeff",M,Labour,"Manchester, Withington"
4118,"Smith, Julian",M,Conservative,Skipton and Ripon
3928,"Smith, Nick",M,Labour,Blaenau Gwent
4478,"Smith, Royston",M,Conservative,"Southampton, Itchen"
4444,"Smyth, Karin",F,Labour,Bristol South
4658,"Sobel, Alex",M,Labour (Co-op),Leeds North West
4372,"Solloway, Amanda",F,Conservative,Derby North
318,"Spellar, John",M,Labour,Warley
4785,"Spencer, Dr Ben",M,Conservative,Runnymede and Weybridge
4055,"Spencer, Mark",M,Conservative,Sherwood
4866,"Stafford, Alexander",M,Conservative,Rother Valley
4514,"Starmer, Keir",M,Labour,Holborn and St Pancras
4463,"Stephens, Chris",M,Scottish National Party,Glasgow South West
4044,"Stephenson, Andrew",M,Conservative,Pendle
4425,"Stevens, Jo",F,Labour,Cardiff Central
4750,"Stevenson, Jane",F,Conservative,Wolverhampton North East
3942,"Stevenson, John",M,Conservative,Carlisle
3919,"Stewart, Bob",M,Conservative,Beckenham
4015,"Stewart, Iain",M,Conservative,Milton Keynes South
4612,"Stone, Jamie",M,Liberal Democrat,"Caithness, Sutherland and Easter Ross"
234,"Streeter, Sir Gary",M,Conservative,South West Devon
4504,"Streeting, Wes",M,Labour,Ilford North
3935,"Stride, Mel",M,Conservative,Central Devon
449,"Stringer, Graham",M,Labour,Blackley and Broughton
1482,"Stuart, Graham",M,Conservative,Beverley and Holderness
4079,"Sturdy, Julian",M,Conservative,York Outer
4786,"Sultana, Zarah",F,Labour,Coventry South
4483,"Sunak, Rishi",M,Conservative,Richmond (Yorks)
4767,"Sunderland, James",M,Conservative,Bracknell
55,"Swayne, Sir Desmond",M,Conservative,New Forest West
245,"Syms, Sir Robert",M,Conservative,Poole
1383,"Tami, Mark",M,Labour,Alyn and Deeside
4829,"Tarry, Sam",M,Labour,Ilford South
4430,"Thewliss, Alison",F,Scottish National Party,Glasgow Central
4532,"Thomas, Derek",M,Conservative,St Ives
177,"Thomas, Gareth",M,Labour (Co-op),Harrow West
4479,"Thomas-Symonds, Nick",M,Labour,Torfaen
4482,"Thompson, Owen",M,Scottish National Party,Midlothian
4796,"Thomson, Richard",M,Scottish National Party,Gordon
1536,"Thornberry, Emily",F,Labour,Islington South and Finsbury
4447,"Throup, Maggie",F,Conservative,Erewash
163,"Timms, Sir Stephen",M,Labour,East Ham
1605,"Timpson, Edward",M,Conservative,Eddisbury
4487,"Tolhurst, Kelly",F,Conservative,Rochester and Strood
4105,"Tomlinson, Justin",M,Conservative,North Swindon
4497,"Tomlinson, Michael",M,Conservative,Mid Dorset and North Poole
4509,"Tracey, Craig",M,Conservative,North Warwickshire
4531,"Trevelyan, Anne-Marie",F,Conservative,Berwick-upon-Tweed
410,"Trickett, Jon",M,Labour,Hemsworth
4780,"Trott, Laura",F,Conservative,Sevenoaks
4097,"Truss, Elizabeth",F,Conservative,South West Norfolk
4462,"Tugendhat, Tom",M,Conservative,Tonbridge and Malling
4030,"Turner, Karl",M,Labour,Kingston upon Hull East
429,"Twigg, Derek",M,Labour,Halton
4618,"Twist, Liz",F,Labour,Blaydon
1496,"Vara, Shailesh",M,Conservative,North West Cambridgeshire
4076,"Vaz, Valerie",F,Labour,Walsall South
3957,"Vickers, Martin",M,Conservative,Cleethorpes
4844,"Vickers, Matt",M,Conservative,Stockton South
1500,"Villiers, Theresa",F,Conservative,Chipping Barnet
4871,"Wakeford, Christian",M,Labour,Bury South
1493,"Walker, Sir Charles",M,Conservative,Broxbourne
4091,"Walker, Mr Robin",M,Conservative,Worcester
1539,"Wallace, Mr Ben",M,Conservative,Wyre and Preston North
4766,"Wallis, Dr Jamie",M,Conservative,Bridgend
4526,"Warburton, David",M,Independent,Somerton and Frome
4361,"Warman, Matt",M,Conservative,Boston and Skegness
4677,"Watling, Giles",M,Conservative,Clacton
4802,"Webb, Suzanne",F,Conservative,Stourbridge
4848,"Webbe, Claudia",F,Independent,Leicester East
4523,"West, Catherine",F,Labour,Hornsey and Wood Green
4617,"Western, Matt",M,Labour,Warwick and Leamington
4527,"Whately, Helen",F,Conservative,Faversham and Mid Kent
4053,"Wheeler, Mrs Heather",F,Conservative,South Derbyshire
62,"Whitehead, Dr Alan",M,Labour,"Southampton, Test"
4385,"Whitford, Dr Philippa",F,Scottish National Party,Central Ayrshire
4755,"Whitley, Mick",M,Labour,Birkenhead
3940,"Whittaker, Craig",M,Conservative,Calder Valley
39,"Whittingdale, Sir John",M,Conservative,Maldon
4869,"Whittome, Nadia",F,Labour,Nottingham East
1428,"Wiggin, Sir Bill",M,Conservative,North Herefordshire
4787,"Wild, James",M,Conservative,North West Norfolk
4438,"Williams, Craig",M,Conservative,Montgomeryshire
1397,"Williams, Hywel",M,Plaid Cymru,Arfon
4108,"Williamson, Sir Gavin",M,Conservative,South Staffordshire
4776,"Wilson, Munira",F,Liberal Democrat,Twickenham
1593,"Wilson, Sammy",M,Democratic Unionist Party,East Antrim
4809,"Winter, Beth",F,Labour,Cynon Valley
390,"Winterton, Dame Rosie",F,Labour,Doncaster Central
1440,"Wishart, Pete",M,Scottish National Party,Perth and North Perthshire
4384,"Wood, Mike",M,Conservative,Dudley South
4429,"Wragg, Mr William",M,Conservative,Hazel Grove
1560,"Wright, Sir Jeremy",M,Conservative,Kenilworth and Southam
4598,"Yasin, Mohammad",M,Labour,Bedford
4825,"Young, Jacob",M,Conservative,Redcar
4113,"Zahawi, Nadhim",M,Conservative,Stratford-on-Avon
4382,"Zeichner, Daniel",M,Labour,Cambridge
